fajr,dhuhr,asr,maghrib,isha
5:29,12:17,15:48,17:20,18:50
5:29,12:17,15:48,17:20,18:50
5:29,12:17,15:48,17:20,18:50
5:29,12:17,15:48,17:20,18:50
5:29,12:17,15:48,17:20,18:50
5:29,12:17,15:48,17:20,18:50
5:29,12:17,15:48,17:20,18:50
5:29,12:17,15:48,17:20,18:50
5:29,12:17,15:48,17:20,18:50
5:29,12:17,15:48,17:20,18:50
5:31,12:22,15:52,17:27,18:57
5:31,12:22,15:52,17:27,18:57
5:31,12:22,15:52,17:27,18:57
5:31,12:22,15:52,17:27,18:57
5:31,12:22,15:52,17:27,18:57
5:31,12:22,15:52,17:27,18:57
5:31,12:22,15:52,17:27,18:57
5:31,12:22,15:52,17:27,18:57
5:31,12:22,15:52,17:27,18:57
5:31,12:22,15:52,17:27,18:57
5:30,12:25,15:58,17:35,19:05
5:30,12:25,15:58,17:35,19:05
5:30,12:25,15:58,17:35,19:05
5:30,12:25,15:58,17:35,19:05
5:30,12:25,15:58,17:35,19:05
5:30,12:25,15:58,17:35,19:05
5:30,12:25,15:58,17:35,19:05
5:30,12:25,15:58,17:35,19:05
5:30,12:25,15:58,17:35,19:05
5:30,12:25,15:58,17:35,19:05
5:30,12:25,15:58,17:35,19:05
5:27,12:27,16:01,17:43,19:13
5:27,12:27,16:01,17:43,19:13
5:27,12:27,16:01,17:43,19:13
5:27,12:27,16:01,17:43,19:13
5:27,12:27,16:01,17:43,19:13
5:27,12:27,16:01,17:43,19:13
5:27,12:27,16:01,17:43,19:13
5:27,12:27,16:01,17:43,19:13
5:27,12:27,16:01,17:43,19:13
5:27,12:27,16:01,17:43,19:13
5:22,12:28,16:05,17:50,19:20
5:22,12:28,16:05,17:50,19:20
5:22,12:28,16:05,17:50,19:20
5:22,12:28,16:05,17:50,19:20
5:22,12:28,16:05,17:50,19:20
5:22,12:28,16:05,17:50,19:20
5:22,12:28,16:05,17:50,19:20
5:22,12:28,16:05,17:50,19:20
5:22,12:28,16:05,17:50,19:20
5:22,12:28,16:05,17:50,19:20
5:14,12:28,16:06,17:56,19:26
5:14,12:28,16:06,17:56,19:26
5:14,12:28,16:06,17:56,19:26
5:14,12:28,16:06,17:56,19:26
5:14,12:28,16:06,17:56,19:26
5:14,12:28,16:06,17:56,19:26
5:14,12:28,16:06,17:56,19:26
5:14,12:28,16:06,17:56,19:26
5:14,12:28,16:06,17:56,19:26
5:14,12:28,16:06,17:56,19:26
5:14,12:28,16:06,17:56,19:26
5:07,12:26,16:07,18:01,19:31
5:07,12:26,16:07,18:01,19:31
5:07,12:26,16:07,18:01,19:31
5:07,12:26,16:07,18:01,19:31
5:07,12:26,16:07,18:01,19:31
5:07,12:26,16:07,18:01,19:31
5:07,12:26,16:07,18:01,19:31
5:07,12:26,16:07,18:01,19:31
5:07,12:26,16:07,18:01,19:31
5:07,12:26,16:07,18:01,19:31
4:57,12:24,16:07,18:06,19:36
4:57,12:24,16:07,18:06,19:36
4:57,12:24,16:07,18:06,19:36
4:57,12:24,16:07,18:06,19:36
4:57,12:24,16:07,18:06,19:36
4:57,12:24,16:07,18:06,19:36
4:57,12:24,16:07,18:06,19:36
4:57,12:24,16:07,18:06,19:36
4:57,12:24,16:07,18:06,19:36
4:57,12:24,16:07,18:06,19:36
4:47,12:21,16:07,18:11,19:41
4:47,12:21,16:07,18:11,19:41
4:47,12:21,16:07,18:11,19:41
4:47,12:21,16:07,18:11,19:41
4:47,12:21,16:07,18:11,19:41
4:47,12:21,16:07,18:11,19:41
4:47,12:21,16:07,18:11,19:41
4:47,12:21,16:07,18:11,19:41
4:47,12:21,16:07,18:11,19:41
4:47,12:21,16:07,18:11,19:41
4:47,12:21,16:07,18:11,19:41
4:36,12:18,16:06,18:15,19:45
4:36,12:18,16:06,18:15,19:45
4:36,12:18,16:06,18:15,19:45
4:36,12:18,16:06,18:15,19:45
4:36,12:18,16:06,18:15,19:45
4:36,12:18,16:06,18:15,19:45
4:36,12:18,16:06,18:15,19:45
4:36,12:18,16:06,18:15,19:45
4:36,12:18,16:06,18:15,19:45
4:36,12:18,16:06,18:15,19:45
4:26,12:15,16:03,18:20,19:50
4:26,12:15,16:03,18:20,19:50
4:26,12:15,16:03,18:20,19:50
4:26,12:15,16:03,18:20,19:50
4:26,12:15,16:03,18:20,19:50
4:26,12:15,16:03,18:20,19:50
4:26,12:15,16:03,18:20,19:50
4:26,12:15,16:03,18:20,19:50
4:26,12:15,16:03,18:20,19:50
4:26,12:15,16:03,18:20,19:50
4:16,12:13,16:05,18:24,19:54
4:16,12:13,16:05,18:24,19:54
4:16,12:13,16:05,18:24,19:54
4:16,12:13,16:05,18:24,19:54
4:16,12:13,16:05,18:24,19:54
4:16,12:13,16:05,18:24,19:54
4:16,12:13,16:05,18:24,19:54
4:16,12:13,16:05,18:24,19:54
4:16,12:13,16:05,18:24,19:54
4:16,12:13,16:05,18:24,19:54
4:16,12:13,16:05,18:24,19:54
4:08,12:11,16:05,18:29,19:59
4:08,12:11,16:05,18:29,19:59
4:08,12:11,16:05,18:29,19:59
4:08,12:11,16:05,18:29,19:59
4:08,12:11,16:05,18:29,19:59
4:08,12:11,16:05,18:29,19:59
4:08,12:11,16:05,18:29,19:59
4:08,12:11,16:05,18:29,19:59
4:08,12:11,16:05,18:29,19:59
4:08,12:11,16:05,18:29,19:59
4:02,12:10,16:08,18:34,20:04
4:02,12:10,16:08,18:34,20:04
4:02,12:10,16:08,18:34,20:04
4:02,12:10,16:08,18:34,20:04
4:02,12:10,16:08,18:34,20:04
4:02,12:10,16:08,18:34,20:04
4:02,12:10,16:08,18:34,20:04
4:02,12:10,16:08,18:34,20:04
4:02,12:10,16:08,18:34,20:04
4:02,12:10,16:08,18:34,20:04
3:57,12:11,16:09,18:39,20:09
3:57,12:11,16:09,18:39,20:09
3:57,12:11,16:09,18:39,20:09
3:57,12:11,16:09,18:39,20:09
3:57,12:11,16:09,18:39,20:09
3:57,12:11,16:09,18:39,20:09
3:57,12:11,16:09,18:39,20:09
3:57,12:11,16:09,18:39,20:09
3:57,12:11,16:09,18:39,20:09
3:57,12:11,16:09,18:39,20:09
3:57,12:11,16:09,18:39,20:09
3:54,12:12,16:11,18:45,20:15
3:54,12:12,16:11,18:45,20:15
3:54,12:12,16:11,18:45,20:15
3:54,12:12,16:11,18:45,20:15
3:54,12:12,16:11,18:45,20:15
3:54,12:12,16:11,18:45,20:15
3:54,12:12,16:11,18:45,20:15
3:54,12:12,16:11,18:45,20:15
3:54,12:12,16:11,18:45,20:15
3:54,12:12,16:11,18:45,20:15
3:54,12:14,16:14,18:49,20:19
3:54,12:14,16:14,18:49,20:19
3:54,12:14,16:14,18:49,20:19
3:54,12:14,16:14,18:49,20:19
3:54,12:14,16:14,18:49,20:19
3:54,12:14,16:14,18:49,20:19
3:54,12:14,16:14,18:49,20:19
3:54,12:14,16:14,18:49,20:19
3:54,12:14,16:14,18:49,20:19
3:54,12:14,16:14,18:49,20:19
3:55,12:16,16:17,18:52,20:22
3:55,12:16,16:17,18:52,20:22
3:55,12:16,16:17,18:52,20:22
3:55,12:16,16:17,18:52,20:22
3:55,12:16,16:17,18:52,20:22
3:55,12:16,16:17,18:52,20:22
3:55,12:16,16:17,18:52,20:22
3:55,12:16,16:17,18:52,20:22
3:55,12:16,16:17,18:52,20:22
3:55,12:16,16:17,18:52,20:22
3:55,12:16,16:17,18:52,20:22
3:58,12:18,16:17,18:53,20:23
3:58,12:18,16:17,18:53,20:23
3:58,12:18,16:17,18:53,20:23
3:58,12:18,16:17,18:53,20:23
3:58,12:18,16:17,18:53,20:23
3:58,12:18,16:17,18:53,20:23
3:58,12:18,16:17,18:53,20:23
3:58,12:18,16:17,18:53,20:23
3:58,12:18,16:17,18:53,20:23
3:58,12:18,16:17,18:53,20:23
4:02,12:20,16:20,18:52,20:22
4:02,12:20,16:20,18:52,20:22
4:02,12:20,16:20,18:52,20:22
4:02,12:20,16:20,18:52,20:22
4:02,12:20,16:20,18:52,20:22
4:02,12:20,16:20,18:52,20:22
4:02,12:20,16:20,18:52,20:22
4:02,12:20,16:20,18:52,20:22
4:02,12:20,16:20,18:52,20:22
4:02,12:20,16:20,18:52,20:22
4:06,12:20,16:20,18:49,20:19
4:06,12:20,16:20,18:49,20:19
4:06,12:20,16:20,18:49,20:19
4:06,12:20,16:20,18:49,20:19
4:06,12:20,16:20,18:49,20:19
4:06,12:20,16:20,18:49,20:19
4:06,12:20,16:20,18:49,20:19
4:06,12:20,16:20,18:49,20:19
4:06,12:20,16:20,18:49,20:19
4:06,12:20,16:20,18:49,20:19
4:06,12:20,16:20,18:49,20:19
4:11,12:20,16:18,18:44,20:14
4:11,12:20,16:18,18:44,20:14
4:11,12:20,16:18,18:44,20:14
4:11,12:20,16:18,18:44,20:14
4:11,12:20,16:18,18:44,20:14
4:11,12:20,16:18,18:44,20:14
4:11,12:20,16:18,18:44,20:14
4:11,12:20,16:18,18:44,20:14
4:11,12:20,16:18,18:44,20:14
4:11,12:20,16:18,18:44,20:14
4:16,12:19,16:15,18:37,20:07
4:16,12:19,16:15,18:37,20:07
4:16,12:19,16:15,18:37,20:07
4:16,12:19,16:15,18:37,20:07
4:16,12:19,16:15,18:37,20:07
4:16,12:19,16:15,18:37,20:07
4:16,12:19,16:15,18:37,20:07
4:16,12:19,16:15,18:37,20:07
4:16,12:19,16:15,18:37,20:07
4:16,12:19,16:15,18:37,20:07
4:20,12:17,16:10,18:28,19:58
4:20,12:17,16:10,18:28,19:58
4:20,12:17,16:10,18:28,19:58
4:20,12:17,16:10,18:28,19:58
4:20,12:17,16:10,18:28,19:58
4:20,12:17,16:10,18:28,19:58
4:20,12:17,16:10,18:28,19:58
4:20,12:17,16:10,18:28,19:58
4:20,12:17,16:10,18:28,19:58
4:20,12:17,16:10,18:28,19:58
4:20,12:17,16:10,18:28,19:58
4:25,12:14,16:05,18:18,19:48
4:25,12:14,16:05,18:18,19:48
4:25,12:14,16:05,18:18,19:48
4:25,12:14,16:05,18:18,19:48
4:25,12:14,16:05,18:18,19:48
4:25,12:14,16:05,18:18,19:48
4:25,12:14,16:05,18:18,19:48
4:25,12:14,16:05,18:18,19:48
4:25,12:14,16:05,18:18,19:48
4:25,12:14,16:05,18:18,19:48
4:29,12:11,16:00,18:07,19:37
4:29,12:11,16:00,18:07,19:37
4:29,12:11,16:00,18:07,19:37
4:29,12:11,16:00,18:07,19:37
4:29,12:11,16:00,18:07,19:37
4:29,12:11,16:00,18:07,19:37
4:29,12:11,16:00,18:07,19:37
4:29,12:11,16:00,18:07,19:37
4:29,12:11,16:00,18:07,19:37
4:29,12:11,16:00,18:07,19:37
4:32,12:07,15:53,17:56,19:26
4:32,12:07,15:53,17:56,19:26
4:32,12:07,15:53,17:56,19:26
4:32,12:07,15:53,17:56,19:26
4:32,12:07,15:53,17:56,19:26
4:32,12:07,15:53,17:56,19:26
4:32,12:07,15:53,17:56,19:26
4:32,12:07,15:53,17:56,19:26
4:32,12:07,15:53,17:56,19:26
4:32,12:07,15:53,17:56,19:26
4:32,12:07,15:53,17:56,19:26
4:36,12:04,15:49,17:46,19:16
4:36,12:04,15:49,17:46,19:16
4:36,12:04,15:49,17:46,19:16
4:36,12:04,15:49,17:46,19:16
4:36,12:04,15:49,17:46,19:16
4:36,12:04,15:49,17:46,19:16
4:36,12:04,15:49,17:46,19:16
4:36,12:04,15:49,17:46,19:16
4:36,12:04,15:49,17:46,19:16
4:36,12:04,15:49,17:46,19:16
4:40,12:01,15:41,17:36,19:06
4:40,12:01,15:41,17:36,19:06
4:40,12:01,15:41,17:36,19:06
4:40,12:01,15:41,17:36,19:06
4:40,12:01,15:41,17:36,19:06
4:40,12:01,15:41,17:36,19:06
4:40,12:01,15:41,17:36,19:06
4:40,12:01,15:41,17:36,19:06
4:40,12:01,15:41,17:36,19:06
4:40,12:01,15:41,17:36,19:06
4:45,11:59,15:38,17:27,18:57
4:45,11:59,15:38,17:27,18:57
4:45,11:59,15:38,17:27,18:57
4:45,11:59,15:38,17:27,18:57
4:45,11:59,15:38,17:27,18:57
4:45,11:59,15:38,17:27,18:57
4:45,11:59,15:38,17:27,18:57
4:45,11:59,15:38,17:27,18:57
4:45,11:59,15:38,17:27,18:57
4:45,11:59,15:38,17:27,18:57
4:45,11:59,15:38,17:27,18:57
4:51,11:58,15:35,17:18,18:48
4:51,11:58,15:35,17:18,18:48
4:51,11:58,15:35,17:18,18:48
4:51,11:58,15:35,17:18,18:48
4:51,11:58,15:35,17:18,18:48
4:51,11:58,15:35,17:18,18:48
4:51,11:58,15:35,17:18,18:48
4:51,11:58,15:35,17:18,18:48
4:51,11:58,15:35,17:18,18:48
4:51,11:58,15:35,17:18,18:48
4:58,11:58,15:34,17:13,18:43
4:58,11:58,15:34,17:13,18:43
4:58,11:58,15:34,17:13,18:43
4:58,11:58,15:34,17:13,18:43
4:58,11:58,15:34,17:13,18:43
4:58,11:58,15:34,17:13,18:43
4:58,11:58,15:34,17:13,18:43
4:58,11:58,15:34,17:13,18:43
4:58,11:58,15:34,17:13,18:43
4:58,11:58,15:34,17:13,18:43
5:05,12:00,15:30,17:10,18:40
5:05,12:00,15:30,17:10,18:40
5:05,12:00,15:30,17:10,18:40
5:05,12:00,15:30,17:10,18:40
5:05,12:00,15:30,17:10,18:40
5:05,12:00,15:30,17:10,18:40
5:05,12:00,15:30,17:10,18:40
5:05,12:00,15:30,17:10,18:40
5:05,12:00,15:30,17:10,18:40
5:05,12:00,15:30,17:10,18:40
5:05,12:00,15:30,17:10,18:40
5:12,12:03,15:35,17:09,18:39
5:12,12:03,15:35,17:09,18:39
5:12,12:03,15:35,17:09,18:39
5:12,12:03,15:35,17:09,18:39
5:12,12:03,15:35,17:09,18:39
5:12,12:03,15:35,17:09,18:39
5:12,12:03,15:35,17:09,18:39
5:12,12:03,15:35,17:09,18:39
5:12,12:03,15:35,17:09,18:39
5:12,12:03,15:35,17:09,18:39
5:19,12:07,15:37,17:11,18:41
5:19,12:07,15:37,17:11,18:41
5:19,12:07,15:37,17:11,18:41
5:19,12:07,15:37,17:11,18:41
5:19,12:07,15:37,17:11,18:41
5:19,12:07,15:37,17:11,18:41
5:19,12:07,15:37,17:11,18:41
5:19,12:07,15:37,17:11,18:41
5:19,12:07,15:37,17:11,18:41
5:19,12:07,15:37,17:11,18:41
5:25,12:12,15:40,17:15,18:45
5:25,12:12,15:40,17:15,18:45
5:25,12:12,15:40,17:15,18:45
5:25,12:12,15:40,17:15,18:45
5:25,12:12,15:40,17:15,18:45
5:25,12:12,15:40,17:15,18:45
5:25,12:12,15:40,17:15,18:45
5:25,12:12,15:40,17:15,18:45
5:25,12:12,15:40,17:15,18:45
5:25,12:12,15:40,17:15,18:45
5:25,12:12,15:40,17:15,18:45
